mean,var,skew,kurt,rms,zcr,centroid,bandwidth,rolloff,entropy,label
0.008289202,0.007918003,4.885885225205115,50.250576754875006,0.08936842,0.01873224431818182,605.6658059691968,755.5213648656704,1204.8805930397727,-111.1939130345506,buka
0.022352777,0.0166614,2.274272608589515,12.11716526785595,0.13100018,0.030351118607954544,789.7594943442854,1147.9083858153235,1384.976473721591,-66.32797683846539,buka
0.02235529,0.016662989,2.274226391840877,12.116863613811052,0.13100667,0.030262340198863636,787.5354171068792,1143.6208480239864,1381.5507368607955,-66.31489702466047,buka
0.022768097,0.016505992,2.394794668867866,12.654151232611108,0.1304775,0.04417835582386364,812.5003500851443,1159.7180225898617,1384.4870827414773,-65.29445225779594,buka
0.022701712,0.016508788,2.395946767461199,12.666133665284626,0.13047665,0.04433371803977273,816.3263869879323,1165.2613926975728,1393.5408158735795,-65.47695666917616,buka
0.0228175,0.01651347,2.394192381349023,12.646442518815558,0.13051479,0.04433371803977273,811.3694932303301,1156.5576318073242,1385.4658647017045,-65.2002298542069,buka
0.031821992,0.049332228,0.45088217638619704,4.099162657926013,0.2243766,0.04221413352272727,916.158444038263,1049.3834070893731,1757.8924005681818,-30.67885028666678,buka
0.022770781,0.016509345,2.3947797337958225,12.653048996868485,0.13049081,0.04442249644886364,812.6799780623977,1158.7772480750514,1386.4446466619318,-65.28201847433637,buka
0.031770274,0.049328603,0.4507923785112535,4.101020469394582,0.22436121,0.04221413352272727,913.0547866450383,1045.766616583165,1746.6364080255682,-30.691287378465194,buka
0.022558691,0.01647664,2.397730236791433,12.687939287658944,0.13032857,0.044000799005681816,820.5804102370356,1170.5466059284554,1410.1801091974432,-65.71686493679954,buka
0.022793509,0.016511241,2.3945193177341246,12.650427580783925,0.13050205,0.044000799005681816,811.1003423800572,1155.1936665856142,1385.7105601917613,-65.24927568425198,buka
0.02280515,0.016512075,2.3943294638241532,12.647868851673543,0.13050729,0.044267134232954544,810.6704761201204,1154.9815626368534,1383.50830078125,-65.22966236443669,buka
0.020856597,0.01566717,2.543962332478628,14.368262270742214,0.12689433,0.044111772017045456,1041.6088777772277,1352.315898385883,1837.9078258167613,-69.46707026826861,buka
0.028020212,0.054899875,0.310523689258819,4.097396232294791,0.2359767,0.029130415482954544,860.7543524091168,1045.1366286728673,1689.132967862216,-35.78806295177202,buka
0.033201482,0.051378094,0.47751576435805054,4.402264997383947,0.22908607,0.04149280894886364,888.5610436872863,1059.6002762194528,1758.1370960582387,-26.90202272153043,buka
0.03327524,0.05139528,0.4776078416191621,4.3993500814154425,0.22913429,0.04140403053977273,889.735888869219,1060.7992110263158,1760.0946599786932,-26.85997804442473,buka
0.020761186,0.015657395,2.545372476129601,14.38477766781293,0.12684014,0.044022993607954544,899.0664525701778,1255.1854595450654,1553.082275390625,-69.53590234368114,buka
0.020676777,0.015644403,2.546734291530323,14.401966847566133,0.12677513,0.04428932883522727,904.744111301483,1265.6185089685996,1561.6466175426137,-69.80791468425139,buka
0.020795915,0.015659194,2.5447866778357615,14.378181043675763,0.12685293,0.04420055042613636,899.1217278224536,1257.1850671686013,1552.1034934303977,-69.5565612521919,buka
0.033151586,0.05138333,0.47748732996843796,4.40435463599602,0.22909027,0.04141512784090909,889.0249179079309,1059.1478272015183,1759.8499644886363,-26.935829129974447,buka
0.03321413,0.051392764,0.47754996838459923,4.401604510246692,0.22911993,0.041581587357954544,893.6384184229922,1065.0032968307967,1775.9998668323863,-26.89087202123777,buka
0.033108607,0.051388193,0.4773476208120589,4.4060861966979505,0.2290947,0.04150390625,893.3511485350366,1065.385520891531,1774.5316938920455,-26.936944755187632,buka
0.033234093,0.051382013,0.47758483498574517,4.400888939147389,0.22909935,0.04140403053977273,887.9311370934824,1058.047091214373,1756.179532137784,-26.882821929347056,buka
0.020839062,0.015667904,2.5443114253605557,14.371474290638329,0.12689433,0.04446688565340909,898.5217347085684,1258.2142206308374,1550.390625,-69.46706127073982,buka
0.028028259,0.054900385,0.3105807904191243,4.097063429553429,0.23597874,0.029219193892045456,863.5286790761769,1047.9653289563316,1697.6973100142045,-35.77989694003009,buka
0.033107426,0.051355783,0.47743565907523683,4.406192976360845,0.22902377,0.04141512784090909,887.1304013395816,1059.7570417985871,1754.4666637073863,-26.95421092313858,buka
0.029940132,0.043557156,0.5279762697088359,5.431410817677916,0.21084017,0.036931818181818184,933.3100498389751,1167.2024319570096,1882.687100497159,-30.63087620512836,buka
0.029968511,0.043545403,0.5281032835401732,5.429557258850966,0.2108163,0.03702059659090909,932.2073440493011,1167.7749283306593,1878.77197265625,-30.634087801481943,buka
0.019428678,0.013800009,2.7054189077184296,16.659042276014716,0.11906923,0.036909623579545456,1047.6012591482793,1400.0177315625533,1911.07177734375,-76.5255880001917,buka
0.030068807,0.043536376,0.5280532046640248,5.424588929209905,0.21080919,0.037109375,931.3119623329476,1167.1014275791063,1877.7931906960227,-30.61908596820925,buka
0.019427892,0.013807099,2.70534557166644,16.660152234904615,0.11909887,0.03699840198863636,1050.253424950506,1400.9208896316238,1926.4875932173295,-76.54317366773938,buka
0.019427892,0.013807099,2.70534557166644,16.660152234904615,0.11909887,0.03699840198863636,1050.253424950506,1400.9208896316238,1926.4875932173295,-76.54317366773938,buka
0.019490642,0.013808385,2.704351151552191,16.645922721532077,0.11911452,0.036909623579545456,1049.1102436335848,1402.8447077130982,1918.4126420454545,-76.45741162743786,buka
0.019472055,0.013808341,2.7046776843306537,16.649859602210018,0.1191113,0.036820845170454544,1045.9140047238384,1398.9278439785392,1901.0392622514205,-76.4773408186669,buka
0.019482244,0.013807237,2.7045200654110357,16.64772123680744,0.119108334,0.03664328835227273,1049.7782697195935,1401.3554170409352,1922.8171608664773,-76.47149283454623,buka
0.02799302,0.054905366,0.310354261627732,4.098376510144084,0.23598512,0.029041637073863636,860.3907345090083,1045.2806232867945,1689.132967862216,-35.78860140019877,buka
0.019516753,0.01380896,2.703922374140441,16.63979909175607,0.11912122,0.036820845170454544,1047.0048586178125,1399.6265506957986,1911.3164728338068,-76.42730027959698,buka
0.030068213,0.043537624,0.5280834001161758,5.424707351821928,0.21081205,0.03702059659090909,930.3960593179589,1166.711054739115,1875.8356267755682,-30.60930218555382,buka
0.019298406,0.013793796,2.7069770274781804,16.686246455541195,0.11902195,0.035933061079545456,1058.1853597987865,1403.8499243696,1957.5639204545455,-76.6936581836086,buka
0.019505167,0.013808566,2.7041063872490945,16.64247538104419,0.11911767,0.03699840198863636,1046.863356147331,1400.0138148646417,1907.156649502841,-76.43332471554339,buka
0.01718989,0.01437266,2.9491335560229484,18.914583956245174,0.121112145,0.034612482244318184,1035.649529830588,1373.0379075486387,1975.1819957386363,-78.73615583253762,buka
0.01704114,0.014365995,2.951589219577873,18.952387601756328,0.121063605,0.035233931107954544,1089.1145073999876,1429.4480893977607,2157.235440340909,-79.10899328254169,buka
0.027270146,0.040205754,0.6074802512116012,6.374356575255122,0.20235962,0.03513405539772727,1031.1055907825157,1209.118879795259,2045.8989923650568,-37.63526435090093,buka
0.02778312,0.040150903,0.6096041912141849,6.337516552172152,0.20229387,0.03469016335227273,913.39932978988,1132.2081905534492,1827.3859197443182,-37.35221754243741,buka
0.027705187,0.040188067,0.6093519958329752,6.343773895379298,0.20237502,0.03467906605113636,914.4434765291778,1136.2991590887993,1829.3434836647727,-37.33058896784065,buka
0.017129367,0.014366562,2.9500650475956616,18.92917879727463,0.12107839,0.03443492542613636,1034.4843907366337,1372.5593721728915,1972.2456498579545,-78.85970690374585,buka
0.027386887,0.05480376,0.3062792345763589,4.12113182810199,0.23569854,0.028353604403409092,877.496555253645,1080.1672189797982,1717.0282537286932,-36.119123614843474,buka
0.027892986,0.040176462,0.6099318540743919,6.331117560054151,0.20237213,0.034856622869318184,973.8258158479614,1143.3622463085337,1920.370205965909,-37.28232013677056,buka
0.016857028,0.014320864,2.9546212886316403,19.003183581119135,0.12085125,0.03443492542613636,1081.238741696737,1403.2198542834324,2079.177579012784,-79.62586609175767,buka
0.017163044,0.014368715,2.9495200988183825,18.921339347673474,0.12109205,0.03452370383522727,1037.5328374108205,1375.3400957347815,1979.3418190696023,-78.77421786734915,buka
0.017142853,0.0143721225,2.9499654314590527,18.926489232555607,0.12110326,0.034346147017045456,1032.1508862836126,1367.8230443913972,1962.4578302556818,-78.85011789305868,buka
0.026270345,0.039732568,0.602086245065439,6.446244778781219,0.20105396,0.03504527698863636,1070.939425531303,1348.14121202442,2189.535245028409,-38.48366740748893,buka
0.0279094,0.040159456,0.6100303588398581,6.329828738194886,0.20233238,0.034856622869318184,976.5424858905411,1144.9061929496147,1926.4875932173295,-37.28672719227421,buka
0.027589845,0.0401783,0.6092387425924153,6.350685825507375,0.20233512,0.03469016335227273,920.9308081600888,1143.4417108306986,1864.5796342329545,-37.39764617697238,buka
0.027893117,0.040162284,0.6100036029071211,6.330797503268775,0.20233712,0.034867720170454544,974.7866471775374,1143.8773560127831,1921.3489879261363,-37.2823410248668,buka
0.025585927,0.038841836,0.7305274457095542,7.158405345408953,0.1987372,0.031238902698863636,932.5175071112734,1082.2286667096114,1844.2699085582387,-42.540096862685914,buka
0.025417585,0.038809374,0.7297183005079526,7.169931095740571,0.19863391,0.031327681107954544,979.2184894729543,1107.4139166380817,1938.9670632102273,-42.64940136232948,buka
0.028028259,0.054900385,0.3105807904191243,4.097063429553429,0.23597874,0.029219193892045456,863.5286790761769,1047.9653289563316,1697.6973100142045,-35.77989694003009,buka
0.027727256,0.05486063,0.3089544731767277,4.108150451239528,0.23585892,0.028797496448863636,868.172517702716,1057.463981017108,1709.197998046875,-35.9450861406815,buka
0.027986651,0.05492251,0.3102859826440606,4.098810336535347,0.2360207,0.028975053267045456,859.7534396038637,1045.0064235074938,1686.6860129616477,-35.78446595374372,buka
0.028014857,0.054893684,0.3105103306349238,4.097478581645273,0.23596297,0.029219193892045456,865.2339274928585,1049.3686224526782,1701.3677423650568,-35.798846707395306,buka
0.022321163,0.016662264,2.274777221571643,12.1225627497982,0.13099808,0.030506480823863636,790.539843878529,1147.4627327673866,1387.1787331321023,-66.39522064004267,buka
0.02231795,0.016662458,2.2747310573333954,12.122387235704716,0.13099828,0.030373313210227272,790.6585426266233,1147.4501571567228,1389.8703835227273,-66.36039813973406,buka
0.02214378,0.016631674,2.276919116460326,12.150584054782843,0.13085113,0.030550870028409092,803.210280909114,1158.8573258294164,1437.0966131036932,-66.63685513026968,buka
0.02697123,0.05468946,0.30391359083547537,4.138608721748476,0.23540796,0.027998490767045456,884.3824046574059,1117.8826610991712,1731.954678622159,-36.556587848265195,buka
0.028028259,0.054900385,0.3105807904191243,4.097063429553429,0.23597874,0.029219193892045456,863.5286790761769,1047.9653289563316,1697.6973100142045,-35.77989694003009,buka
0.02235488,0.01666264,2.274251588483763,12.11671573033657,0.13100527,0.030351118607954544,789.9923618882041,1147.532290594566,1386.199951171875,-66.33218951369655,buka
0.02697123,0.05468946,0.30391359083547537,4.138608721748476,0.23540796,0.027998490767045456,884.3824046574059,1117.8826610991712,1731.954678622159,-36.556587848265195,buka
0.022345392,0.016661556,2.2743921370195634,12.118573856148867,0.1309995,0.030439897017045456,792.3938396910008,1150.3457815728334,1398.434725674716,-66.34777609628668,buka
0.02799839,0.054901104,0.3104260556648007,4.098254384448296,0.23597671,0.029041637073863636,859.8425584299416,1044.8194249942944,1686.9307084517045,-35.789948157958044,buka
0.022338962,0.016663129,2.2744582282691774,12.119296847262344,0.13100442,0.030506480823863636,792.1786666742839,1149.6137177009764,1398.190030184659,-66.32862860570926,buka
0.0,0.0,,,0.0,0.0,0.0,0.0,0.0,-282.19281740857457,buka
0.022300014,0.016652362,2.2748897637358705,12.125296348057464,0.13095668,0.030417702414772728,795.6321292136447,1157.0785315837131,1402.1051580255682,-66.46899810619082,buka
0.027974566,0.054896258,0.3103147475996528,4.0989861414715625,0.23596363,0.029063831676136364,864.3765755290534,1048.5106139223617,1700.3889604048295,-35.81773628803782,buka
0.027967924,0.054873887,0.3103079263417214,4.099046065834334,0.23591544,0.029130415482954544,861.8521788231787,1046.041129802642,1693.5374866832387,-35.85058685222853,buka
0.02784418,0.054867003,0.309692290231353,4.103818023800607,0.2358862,0.028886274857954544,872.1142833876637,1051.5954090837645,1710.666170987216,-35.93113863944727,buka
0.026552651,0.054824743,0.2996428426398516,4.157365224038987,0.2356476,0.028797496448863636,963.3964773797273,1217.6033733723712,1896.6347434303977,-36.362222845044876,buka
0.027948271,0.05488649,0.31016701552691883,4.099985247098352,0.23593983,0.028886274857954544,861.4904777634162,1044.9388017042713,1694.516268643466,-35.83642010306376,buka
0.022329092,0.016659738,2.274597245703919,12.12087697152202,0.13098979,0.0303955078125,790.8808047256348,1148.7529675499236,1387.668124112216,-66.36499778985701,buka
0.027847249,0.054862544,0.3096232930343889,4.103326120395503,0.23587711,0.028886274857954544,873.1900833737783,1051.2837191298515,1717.5176447088068,-35.85078491024888,buka
0.027929865,0.054905865,0.310139341241271,4.100599644699082,0.23597866,0.028975053267045456,866.7017151813433,1047.809246612765,1705.7722611860795,-35.83452425076764,buka
0.022324517,0.016655244,2.27455354529306,12.120939438421269,0.13097185,0.0303955078125,790.8438296594893,1149.298924263903,1387.668124112216,-66.42905640490946,buka
0.027927347,0.05490254,0.3100401862030247,4.100756943452879,0.23597135,0.028886274857954544,864.0067287873994,1048.6099133616624,1699.4101784446023,-35.8353344767296,buka
0.028018719,0.054900546,0.3105141992272165,4.097449040858586,0.23597795,0.029130415482954544,862.5458105152317,1046.527402267678,1696.2291370738637,-35.784749605067276,buka
0.0,0.0,,,0.0,0.0,0.0,0.0,0.0,-282.19281740857457,buka
0.02232422,0.016658401,2.2746467891466473,12.121732626835776,0.13098386,0.030351118607954544,791.4273541463631,1146.9559527983351,1392.0726429332387,-66.39503392662019,buka
0.0,0.0,,,0.0,0.0,0.0,0.0,0.0,-282.19281740857457,buka
0.022294391,0.016654313,2.274969017366179,12.125954795782546,0.13096318,0.03046209161931818,790.5049506076797,1146.9869935274319,1389.1362970525568,-66.45089876935518,buka
0.022347337,0.016660603,2.2743256290969107,12.117850388403523,0.13099621,0.030439897017045456,789.5319078583914,1146.6465418812024,1385.4658647017045,-66.34486575757862,buka
0.02799302,0.054905366,0.310354261627732,4.098376510144084,0.23598512,0.029041637073863636,860.3907345090083,1045.2806232867945,1689.132967862216,-35.78860140019877,buka
0.022183536,0.01665164,2.2764477995009966,12.145329654869737,0.13093415,0.030506480823863636,800.6928849066499,1158.6846878106949,1418.499755859375,-66.40590492198334,buka
0.02234181,0.016662303,2.2744279997513748,12.11901143615511,0.13100176,0.030528675426136364,791.9842825898005,1149.3881844443158,1396.966552734375,-66.34852412580197,buka
0.028006926,0.054903485,0.3104541174285081,4.097860091515239,0.23598279,0.029219193892045456,863.6507786512043,1047.8123030340685,1697.9420055042613,-35.79845287783317,buka
0.027984744,0.054890048,0.3102992634920232,4.09876879050856,0.23595168,0.029130415482954544,861.0939245579768,1045.9202714841742,1690.1117498224432,-35.806647560759515,buka
0.025443293,0.055118255,0.2895805320030006,4.215395901919979,0.23614743,0.027021928267045456,1031.4867362510736,1324.009022408618,1998.1833718039773,-36.83675249624467,buka
0.022211818,0.016647993,2.2763072913913476,12.140870458482915,0.130925,0.030617453835227272,801.4941369336376,1156.6874213617068,1431.7133123224432,-66.607888473684,buka
0.027789747,0.054936834,0.3090089504901239,4.106373594572844,0.23602775,0.028797496448863636,876.1834627381945,1059.613687150759,1724.8585094105113,-35.85633876230164,buka
0.020733716,0.016329423,2.3015094581801376,12.509333509837344,0.12945774,0.029552112926136364,1014.5236946694121,1449.4929734242216,1957.5639204545455,-68.36461221447726,buka
0.027789747,0.054936834,0.3090089504901239,4.106373594572844,0.23602775,0.028797496448863636,876.1834627381945,1059.613687150759,1724.8585094105113,-35.85633876230164,buka
0.02801315,0.05490116,0.3104831021094444,4.097671403011845,0.23597859,0.029219193892045456,863.9506716359966,1047.8703834818282,1698.431396484375,-35.77265278773226,buka
0.027956178,0.054880343,0.31026353150907815,4.0993932973310985,0.23592772,0.028975053267045456,862.9558708261064,1043.7548921134437,1696.4738325639205,-35.850442313138295,buka
0.02230979,0.01665548,2.2748530080450986,12.123914187517292,0.13097025,0.03057306463068182,791.3961350707506,1148.9839826784237,1387.9128196022727,-66.4071309368666,buka
0.027878456,0.054873284,0.30966502240294397,4.102501817011955,0.23590356,0.028797496448863636,862.4677779126267,1044.7523045113373,1696.7185280539773,-35.839232848907315,buka
0.027782196,0.054855853,0.30912656782765063,4.1061521110599335,0.23585525,0.028797496448863636,873.8387897436849,1055.8929357186653,1715.5600807883523,-35.90614250275932,buka
0.0,0.0,,,0.0,0.0,0.0,0.0,0.0,-282.19281740857457,buka
0.027816145,0.05486359,0.3094399175806525,4.104937496516167,0.23587567,0.028975053267045456,868.6040207293906,1054.330572345318,1708.2192160866477,-35.92853630619676,buka
0.022194607,0.016641278,2.2762266435176994,12.141805526052334,0.13089645,0.030861594460227272,798.9044440777176,1155.4549949595423,1419.723233309659,-66.64172572599973,buka
0.028014857,0.054893684,0.3105103306349238,4.097478581645273,0.23596297,0.029219193892045456,865.2339274928585,1049.3686224526782,1701.3677423650568,-35.798846707395306,buka
0.028016599,0.054902975,0.3105034395571642,4.097608318377483,0.23598284,0.029130415482954544,862.7499145469469,1047.099407473149,1696.963223544034,-35.789442181810045,buka
0.027944474,0.054895062,0.3101002706852556,4.099958658034698,0.23595752,0.029130415482954544,858.9793288304282,1043.838646288688,1684.2390580610795,-35.81990404413203,buka
0.02722025,0.054708946,0.306039742459362,4.127701125822574,0.23547798,0.028797496448863636,896.2240989874937,1111.5179010380618,1768.414306640625,-36.37800839233093,buka
0.027974566,0.054896258,0.3103147475996528,4.0989861414715625,0.23596363,0.029063831676136364,864.3765755290534,1048.5106139223617,1700.3889604048295,-35.81773628803782,buka
0.02235488,0.01666264,2.274251588483763,12.11671573033657,0.13100527,0.030351118607954544,789.9923618882041,1147.532290594566,1386.199951171875,-66.33218951369655,buka
0.02232422,0.016658401,2.2746467891466473,12.121732626835776,0.13098386,0.030351118607954544,791.4273541463631,1146.9559527983351,1392.0726429332387,-66.39503392662019,buka
0.027913345,0.05491149,0.3099620211826242,4.101328634594446,0.23598868,0.029063831676136364,865.916292524221,1048.0053208207664,1704.7934792258523,-35.78128212519957,buka
0.028020212,0.054899875,0.310523689258819,4.097396232294791,0.2359767,0.029130415482954544,860.7543524091168,1045.1366286728673,1689.132967862216,-35.78806295177202,buka
0.022245407,0.016645668,2.2755310828463533,12.133294999128605,0.13092183,0.030772816051136364,796.3652531609273,1152.2473165314093,1406.9990678267045,-66.5541974112994,buka
0.022339743,0.016660685,2.2744019581403623,12.119201415531915,0.13099523,0.030595259232954544,790.7455269035644,1148.5387429579364,1386.6893421519887,-66.3330361774371,buka
0.022291834,0.016654348,2.2750794123182567,12.126672860412135,0.13096288,0.030417702414772728,794.6699121662783,1150.7533154029084,1400.3922895951705,-66.41445624691869,buka
0.028010981,0.05489612,0.31046797351582006,4.097700946994381,0.23596767,0.029130415482954544,864.1385855757301,1048.2524254787543,1699.654873934659,-35.79510194827555,buka
0.022294391,0.016654313,2.274969017366179,12.125954795782546,0.13096318,0.03046209161931818,790.5049506076797,1146.9869935274319,1389.1362970525568,-66.45089876935518,buka
0.022321163,0.016662264,2.274777221571643,12.1225627497982,0.13099808,0.030506480823863636,790.539843878529,1147.4627327673866,1387.1787331321023,-66.39522064004267,buka
0.027883848,0.054888155,0.30983575634161226,4.102188869089869,0.2359357,0.028975053267045456,871.2237187044469,1056.1037010965879,1722.4115545099432,-35.866062650850395,buka
0.022274734,0.016656237,2.275258704594522,12.130287081893474,0.13096717,0.030506480823863636,794.783652992627,1149.1963378979883,1404.3074174360795,-66.42805513239783,buka
0.02793674,0.054877203,0.3101620808752979,4.099928772577694,0.23591878,0.028886274857954544,862.1662955759468,1045.248452225554,1693.2927911931818,-35.82535622862603,buka
0.022192731,0.016632404,2.27632024432574,12.142672191947161,0.13086222,0.031327681107954544,829.6234571407985,1203.8385414192046,1528.857421875,-66.63062690374079,buka
0.027984744,0.054890048,0.3102992634920232,4.09876879050856,0.23595168,0.029130415482954544,861.0939245579768,1045.9202714841742,1690.1117498224432,-35.806647560759515,buka
0.022143219,0.016633742,2.2770824116817634,12.153191533620683,0.13085894,0.03095037286931818,804.6832690949469,1159.6960470945376,1440.7670454545455,-66.68230372327089,buka
0.028013451,0.054897245,0.31048355456075266,4.097560842333504,0.23597032,0.029219193892045456,863.6691249276955,1047.841454862017,1699.1654829545455,-35.78552806601309,buka
0.028023219,0.054906275,0.310547178418773,4.097310471300364,0.23599063,0.029130415482954544,863.1039058785299,1047.68156643456,1696.963223544034,-35.796832371667996,buka
0.027956355,0.054899912,0.31020701841780446,4.099744261311259,0.23596923,0.029063831676136364,864.4912207681616,1047.9411417841884,1698.9207874644887,-35.81411902673258,buka
0.027972842,0.054914407,0.3102746509874945,4.0992586083623115,0.23600188,0.029130415482954544,861.7151418847502,1045.2150577359887,1691.0905317826705,-35.81589334867146,buka
0.027929865,0.054905865,0.310139341241271,4.100599644699082,0.23597866,0.028975053267045456,866.7017151813433,1047.809246612765,1705.7722611860795,-35.83452425076764,buka
0.022270389,0.016654292,2.2752657080034626,12.130028023571136,0.130959,0.030373313210227272,791.7110848872825,1146.7883751532825,1395.9877707741477,-66.44399588749481,buka
0.027873985,0.054935083,0.30956461611513497,4.103224571604108,0.23603398,0.028886274857954544,863.7545645898276,1052.5359304023896,1695.0056596235795,-35.85215179466366,buka
0.028021606,0.054895345,0.31054181565609035,4.097262203856666,0.23596728,0.029130415482954544,862.8654317648968,1047.1982977437378,1696.2291370738637,-35.787723263774645,buka
0.027386887,0.05480376,0.3062792345763589,4.12113182810199,0.23569854,0.028353604403409092,877.496555253645,1080.1672189797982,1717.0282537286932,-36.119123614843474,buka
0.030305699,0.05006476,0.4465981201869473,3.948636514523608,0.22579458,0.037420099431818184,817.2663160135785,990.9896593966082,1597.1274636008523,-33.38684154024592,buka
0.02406711,0.018375495,2.213027455898172,11.104190777974068,0.13767615,0.03823020241477273,779.7002747743962,1111.7642730897403,1348.2721502130682,-59.80430132753556,buka
0.027948271,0.05488649,0.31016701552691883,4.099985247098352,0.23593983,0.028886274857954544,861.4904777634162,1044.9388017042713,1694.516268643466,-35.83642010306376,buka
0.030431537,0.050126705,0.44695685316576,3.9443928674538364,0.22594863,0.037064985795454544,802.1898349143132,969.210756170418,1549.167147549716,-33.33164454175445,buka
0.023962148,0.018366436,2.214393310443997,11.120385370861234,0.13762492,0.038141424005681816,782.8634769868469,1116.8368530568405,1362.4644886363637,-59.91468209950614,buka
0.024083761,0.018369077,2.212765044419386,11.101007814628195,0.13765574,0.03834117542613636,779.216118312772,1110.0427199276903,1352.1872780539773,-59.769313663445025,buka
0.023970917,0.018373327,2.2143546317209206,11.119153639703546,0.13765149,0.03836337002840909,787.9950066237503,1128.0362439069872,1363.443270596591,-59.976534346680204,buka
0.024102839,0.01837376,2.2125550754350938,11.099040691703497,0.13767609,0.03842995383522727,778.1531387471347,1109.113738976816,1349.2509321732955,-59.73763386247186,buka
0.030506432,0.050114885,0.4472821013657863,3.941459330060492,0.22593258,0.03724254261363636,803.452804504845,971.1516519707169,1553.8163618607955,-33.257999081275706,buka
0.03051848,0.050121848,0.447342033222944,3.94120215417124,0.22594962,0.03724254261363636,803.1606239420242,970.6666964816642,1552.1034934303977,-33.244805956058855,buka
0.024014639,0.018355971,2.213536369213125,11.110883280070533,0.13759606,0.03831898082386364,782.4867442429212,1116.696482417856,1356.8364923650568,-59.88121640725435,buka
0.02281166,0.016511919,2.3941780442978065,12.646776839503826,0.13050781,0.04444469105113636,811.3137432770335,1156.4505223000358,1385.9552556818182,-65.20283820375086,buka
0.022621648,0.016487164,2.397041690782267,12.678172608329124,0.13037984,0.04369007457386364,815.8465461310243,1162.461559463648,1397.7006392045455,-65.57053348538544,buka
0.013408012,0.011148937,2.793598246125557,17.502258987631738,0.106436424,0.06851473721590909,1540.753647099688,1321.8223646698366,2856.8198464133525,-86.10584309202193,tutup
0.016662175,0.017064413,1.2673646371478007,5.896949741367962,0.13168919,0.10430353338068182,1696.4451088907952,1242.3703484309933,2866.362970525568,-60.689510147293035,tutup
0.016749693,0.017075954,1.2669588930025923,5.88891209716884,0.13174409,0.1041259765625,1694.7546804164958,1235.0560831104624,2863.671320134943,-60.658723265901216,tutup
0.021115238,0.02155972,1.9246369710210591,8.354001592884723,0.14834276,0.10613458806818182,1685.755839778347,1270.4891390570845,2907.227117365057,-52.90575439773721,tutup
0.021255787,0.021576459,1.9228174994415665,8.338829527307729,0.14841922,0.10613458806818182,1683.7561586058473,1270.2848972916365,2901.354425603693,-52.8183614800086,tutup
0.019238308,0.015072733,2.904141226605053,14.751757829425678,0.12426924,0.08354048295454546,1402.0658172809353,1288.3583331688692,2521.831720525568,-68.9060611730864,tutup
0.021243423,0.021572176,1.9229709071230188,8.34002249138654,0.14840303,0.10613458806818182,1684.5170702743735,1270.4149997086065,2904.7801624644885,-52.81125905601248,tutup
0.019233769,0.015073147,2.9042670621328823,14.752528043849189,0.12427021,0.08362926136363637,1402.1676461196648,1288.41003164515,2521.3423295454545,-68.92161931211731,tutup
0.019162722,0.015065604,2.9057387922013262,14.765725220292193,0.12422888,0.08365145596590909,1404.3570461591034,1291.7093608459852,2525.2574573863635,-69.00555570326961,tutup
0.019157367,0.0150690125,2.9058688616747146,14.766256637847242,0.12424177,0.08329634232954546,1403.8648508775013,1290.3834756794927,2524.523370916193,-68.99452994656077,tutup
0.019213248,0.015070891,2.904683026952685,14.756407363444882,0.12425796,0.08347389914772728,1402.0961242094077,1288.3853563428283,2521.0976340553975,-68.93765368974157,tutup
0.021258121,0.021575624,1.9227735945141526,8.338477226045246,0.14841674,0.10613458806818182,1683.257822247831,1269.4399864800146,2903.067294034091,-52.8156341699445,tutup
0.021387333,0.019897515,1.93198454349764,8.364569068605277,0.1426707,0.103515625,1661.0705353668966,1285.4702011707905,2886.1833052201705,-54.72861854280509,tutup
0.016698709,0.01707156,1.2670692642402355,5.892858114442266,0.13172095,0.10421475497159091,1696.3078396904805,1237.2588837795354,2868.3205344460225,-60.690290263245835,tutup
0.018289095,0.014956528,3.024551076583957,16.196808908272693,0.123656854,0.07638272372159091,1378.222460126807,1339.9001129189796,2562.451171875,-70.37973701062057,tutup
0.021447385,0.01989613,1.930980107494265,8.356171009974386,0.14267486,0.10369318181818182,1659.1141108069162,1283.9537228013612,2884.225741299716,-54.664549562556715,tutup
0.018288303,0.014953813,3.0246062536137583,16.197028885398996,0.12364577,0.07602761008522728,1379.6853951740848,1342.624208878433,2568.5685591264205,-70.37535029112922,tutup
0.018199591,0.014941281,3.0264455114558686,16.214818973491187,0.123581976,0.07594992897727272,1358.3787660584735,1327.6359385465792,2502.7454723011365,-70.48259096689408,tutup
0.01825457,0.014949211,3.0251986135427305,16.203504489136833,0.12362217,0.07576127485795454,1375.1448582433986,1338.1336364596837,2549.7270063920455,-70.39582614927737,tutup
0.018346796,0.0149580445,3.023182255374321,16.184199130166498,0.12367155,0.07611638849431818,1376.3313768057508,1338.0053345018378,2564.6534312855115,-70.28502243000784,tutup
0.021180082,0.019855432,1.9350471802290685,8.39033011719912,0.1424922,0.10342684659090909,1665.450405072687,1290.5398769967012,2894.0135609019885,-54.97128692511618,tutup
0.021039309,0.019815955,1.9370590949285993,8.407932995292724,0.14233273,0.10324928977272728,1669.5885820698845,1297.8340190354256,2901.59912109375,-55.02205713044998,tutup
0.02149163,0.01990104,1.9303680469698263,8.351232475574514,0.14269873,0.10369318181818182,1658.9197498494805,1284.1236848167011,2882.512872869318,-54.62473270544295,tutup
0.018349383,0.014959391,3.0231590983656393,16.184041317133968,0.12367737,0.07611638849431818,1376.490008250616,1337.6175976967172,2557.8019575639205,-70.2763941391216,tutup
0.016750539,0.01707362,1.2669812554180715,5.888669138400024,0.13173534,0.10421475497159091,1695.2235665922606,1236.0456140403455,2865.384188565341,-60.63567140208102,tutup
0.018308684,0.014952808,3.0240254007607352,16.192074055821596,0.12364472,0.07620516690340909,1377.789562895597,1339.0758166702615,2564.1640403053975,-70.33091001458742,tutup
0.019982526,0.018020678,2.0400674175460023,9.64496154242995,0.13572022,0.09720126065340909,1622.7081631909232,1347.4229494253952,2774.1127707741475,-57.22496427309093,tutup
0.01669744,0.012911943,3.349032951630604,19.28199439436037,0.11485098,0.07454057173295454,1580.8728543687141,1542.426048199117,2983.572110262784,-78.0500075164203,tutup
0.016685663,0.012912882,3.3493985954320027,19.285485086610404,0.11485335,0.07445179332386363,1582.8550647021898,1541.640231320663,2985.7743696732955,-78.09856399630422,tutup
0.019835314,0.017997883,2.042439900649498,9.666253811881413,0.1356146,0.09711248224431818,1626.1146278427734,1353.2272434398171,2779.251376065341,-57.3938892997981,tutup
0.016661486,0.012907751,3.3499770495943513,19.29129023122374,0.114827506,0.07447398792613637,1583.9599558652453,1543.0059054616615,2987.487238103693,-78.14002765287103,tutup
0.016715115,0.012916569,3.3486218041581433,19.27726592090863,0.11487369,0.07445179332386363,1582.729125185019,1542.5326139321432,2981.8592418323865,-78.02359086974288,tutup
0.016715115,0.012916569,3.3486218041581433,19.27726592090863,0.11487369,0.07445179332386363,1582.729125185019,1542.5326139321432,2981.8592418323865,-78.02359086974288,tutup
0.01672083,0.012916435,3.3485245479510843,19.276691613753627,0.11487393,0.07454057173295454,1580.7398446392822,1541.8362636829172,2977.6994185014205,-78.0049288499973,tutup
0.020055847,0.018033175,2.038686776480774,9.634079460641273,0.13577706,0.09720126065340909,1620.517957562053,1342.7121655929589,2771.176424893466,-57.208615733821446,tutup
0.023203615,0.019335879,2.755693779533908,13.085803450138815,0.14097619,0.079833984375,1375.727224901532,1203.0192194230024,2484.638006036932,-63.816192976186244,tutup
0.020095112,0.018036949,2.0381267802624192,9.629119715678518,0.13579677,0.0972900390625,1620.6553803406416,1343.3085305762008,2770.931729403409,-57.15731231222295,tutup
0.016704448,0.012913893,3.3489825866635785,19.28102551014611,0.11486048,0.07454057173295454,1579.4849884046891,1538.9406900825538,2976.720636541193,-78.03470217082359,tutup
0.020104848,0.018039064,2.0380188116546476,9.628146223637938,0.135806,0.0972900390625,1620.7093616448446,1343.7714143136293,2768.240079012784,-57.164553414590884,tutup
0.016725732,0.012914969,3.3483617754217887,19.27467029732324,0.11486827,0.07447398792613637,1581.8527668784766,1541.3777896485951,2983.816805752841,-77.99275271108976,tutup
0.015286436,0.011491348,3.458769064820336,21.214287696756124,0.10828215,0.062744140625,1545.35593195835,1542.8523106187974,3001.434881036932,-85.93562876021925,tutup
0.017997935,0.015121827,2.278953860810723,11.579027711235232,0.12428094,0.09296209161931818,1700.247943378005,1484.6106716968482,3016.116610440341,-68.70602719606161,tutup
0.015146721,0.011490961,3.463037387619503,21.261669497390667,0.10826072,0.06273304332386363,1562.3294743530641,1553.371993760862,3055.267888849432,-86.04606656140298,tutup
0.0179851,0.01512453,2.2791126024355837,11.582783826924612,0.12428996,0.09293989701704546,1704.8588914825,1491.0819883484712,3032.266512784091,-68.83000842882782,tutup
0.015287633,0.011490445,3.4586741427352314,21.212919553176974,0.10827814,0.062744140625,1548.7757793910062,1543.7655374357141,3018.563565340909,-85.92850354521165,tutup
0.015252164,0.01148934,3.459627789716271,21.223917916928443,0.10826804,0.06282182173295454,1557.8459742503567,1547.3976090023555,3044.011896306818,-85.9576195034721,tutup
0.023345133,0.019345392,2.7529422328530813,13.063650821835484,0.14103328,0.07947887073863637,1376.5008269833056,1203.84637290976,2487.329656427557,-63.66723453968469,tutup
0.015278165,0.01149056,3.458951668107826,21.216109607065015,0.10827733,0.06273304332386363,1548.0232607559665,1541.7219929343612,3018.563565340909,-85.94911096939893,tutup
0.015296571,0.011491737,3.4583895710797106,21.210295232365247,0.108285375,0.06283291903409091,1548.6700015342299,1544.3239494570337,3018.3188698508525,-85.90300388332204,tutup
0.018110694,0.015133208,2.2768065285326573,11.560055276456767,0.12434309,0.09287331321022728,1699.7590468539377,1485.1815055581817,3021.255215731534,-68.52463936559705,tutup
0.01816118,0.015132985,2.275817430014817,11.551973855807546,0.12434956,0.09296209161931818,1698.724568155619,1483.7142804810774,3018.563565340909,-68.4653320589709,tutup
0.015234424,0.011488919,3.460195316958614,21.230438070778003,0.108263604,0.06273304332386363,1551.0660984424867,1542.9557374268081,3025.9044300426135,-85.95102436757405,tutup
0.018069142,0.0151254805,2.277421763872374,11.56671266959169,0.12430597,0.09322842684659091,1702.3326560175,1487.6509408577049,3025.9044300426135,-68.55817752251883,tutup
0.018110694,0.015133208,2.2768065285326573,11.560055276456767,0.12434309,0.09287331321022728,1699.7590468539377,1485.1815055581817,3021.255215731534,-68.52463936559705,tutup
0.018177288,0.015135936,2.27552691921102,11.54921213399556,0.12436378,0.09296209161931818,1697.3714555130143,1483.213661314769,3012.201482599432,-68.44718861325843,tutup
0.0169488,0.014568137,2.397037765420961,13.007623648489432,0.12188273,0.08696954900568182,1836.5313357756445,1583.3827052028741,3358.6902965198865,-72.7997896507925,tutup
0.0119129345,0.009136423,3.78242637851667,25.021675637181097,0.096324146,0.05776145241477273,1454.4851428864922,1423.8701362554318,2790.017977627841,-97.35773664024765,tutup
0.016682686,0.017062776,1.2670571222129638,5.894442691920702,0.13168557,0.10439231178977272,1703.8659170713252,1248.2185257435156,2898.1733842329545,-60.705826156787744,tutup
0.016720684,0.017074954,1.2670971439788503,5.891491616258413,0.13173662,0.10421475497159091,1695.2032106353327,1235.7473499456794,2865.384188565341,-60.667462576662025,tutup
0.02307937,0.019318292,2.7578436655935152,13.10490861802758,0.1408934,0.08001154119318182,1377.985498054119,1206.1286508080004,2486.1061789772725,-63.936435128442646,tutup
0.023152847,0.01932446,2.756694305365098,13.094284143040028,0.14092734,0.08001154119318182,1371.5601645205136,1202.3977230249398,2472.158536044034,-63.85798904699829,tutup
0.016763069,0.017074762,1.2669274279840812,5.887616157364631,0.13174127,0.1041259765625,1694.5002455379304,1234.9063900289375,2862.692538174716,-60.64173660121005,tutup
0.016732717,0.01706947,1.2670506740414011,5.890560080611593,0.13171732,0.1041259765625,1694.094063175982,1233.9245134328758,2861.469060724432,-60.69950958419999,tutup
0.023350235,0.019345414,2.752839508316838,13.062796217529122,0.1410342,0.07947887073863637,1376.7170196754096,1204.1875373129203,2487.5743519176135,-63.63851354184171,tutup
0.02334991,0.01934686,2.7528367825006983,13.06275745822142,0.14103927,0.07947887073863637,1376.6809373077845,1204.337095147679,2487.5743519176135,-63.64909744143515,tutup
0.023292925,0.019346181,2.7539891801729692,13.072186931752046,0.14102745,0.07939009232954546,1371.1420472288798,1201.0982173438601,2474.1160999644885,-63.70981938794928,tutup
0.016420033,0.017033841,1.2673814792345193,5.918753562885163,0.13154261,0.10404829545454546,1698.9245887449388,1247.6984977065624,2874.1932262073865,-60.92386861870688,tutup
0.023299748,0.019344952,2.7537562070071466,13.070739388948414,0.14102422,0.07974520596590909,1373.9027001433653,1203.4060890187002,2480.7228781960225,-63.709573502604115,tutup
0.023323368,0.019342845,2.753294389402678,13.066629422866242,0.14102066,0.07974520596590909,1372.1360705206432,1203.2646474099795,2476.318359375,-63.6858000084019,tutup
0.016747436,0.017074088,1.26694779298425,5.888957070565974,0.13173673,0.1041259765625,1694.8416661429437,1235.2336552501763,2864.160711115057,-60.667407652533534,tutup
0.023292925,0.019346181,2.7539891801729692,13.072186931752046,0.14102745,0.07939009232954546,1371.1420472288798,1201.0982173438601,2474.1160999644885,-63.70981938794928,tutup
0.02307937,0.019318292,2.7578436655935152,13.10490861802758,0.1408934,0.08001154119318182,1377.985498054119,1206.1286508080004,2486.1061789772725,-63.936435128442646,tutup
0.016662175,0.017064413,1.2673646371478007,5.896949741367962,0.13168919,0.10430353338068182,1696.4451088907952,1242.3703484309933,2866.362970525568,-60.689510147293035,tutup
0.023196429,0.019339373,2.7558827884835266,13.087872209212811,0.14098741,0.07965642755681818,1374.4954027583317,1203.6744022490802,2480.9675736860795,-63.80068300455956,tutup
0.02331778,0.019347996,2.753514803508551,13.06843655981113,0.14103799,0.079833984375,1376.8761330907337,1204.695535398578,2486.840265447443,-63.674591198307034,tutup
0.016588418,0.017036341,1.2674807548585598,5.9031752440054674,0.13157324,0.10404829545454546,1689.044591351127,1230.6952479672195,2845.074462890625,-60.89359036913779,tutup
0.02328125,0.019340826,2.754172730184602,13.073375181071345,0.14100654,0.07974520596590909,1372.1410492314055,1202.1617378180374,2476.073663884943,-63.71208823032843,tutup
0.016750649,0.017072698,1.2669601055808961,5.88892149454348,0.13173187,0.1041259765625,1693.3561169046695,1233.1271481297051,2859.756192294034,-60.686631883112916,tutup
0.01674608,0.017072298,1.2669574023980352,5.889111649603429,0.13172977,0.1041259765625,1694.8512890692807,1235.2544919994095,2864.4054066051135,-60.63787368874937,tutup
0.02330175,0.019341366,2.7537116384822062,13.06986209458601,0.14101183,0.07956764914772728,1376.2022493906222,1203.002542063753,2485.616787997159,-63.70409663898783,tutup
0.023310298,0.019343477,2.753568756522241,13.06870299620729,0.14102073,0.07956764914772728,1371.7711294736973,1200.967745828469,2477.0524458451705,-63.695285455149744,tutup
0.016597686,0.017049203,1.267475672003606,5.90260360380184,0.13162327,0.10395951704545454,1691.0055391169903,1233.092610346343,2854.372891512784,-60.87521965267513,tutup
0.023188746,0.019347716,2.7561678467384847,13.089677471668566,0.14101572,0.07974520596590909,1375.5727514728917,1205.8760541225636,2487.5743519176135,-63.81297208264857,tutup
0.023345008,0.01934478,2.7529082316799016,13.06336513789411,0.1410311,0.07947887073863637,1376.7371867811426,1204.1158346446637,2487.8190474076705,-63.667401552288,tutup
0.016511515,0.017046984,1.2676957916591713,5.911676618142463,0.13160402,0.10394841974431818,1691.9831510817007,1234.651851492825,2853.1494140625,-60.814015237548254,tutup
0.016581653,0.017048739,1.2674441376361185,5.904358441790922,0.13161948,0.10394841974431818,1691.6786376402101,1234.1573418368605,2853.394109552557,-60.786217186129065,tutup
0.016594676,0.01706213,1.2675855478572988,5.9038262401523625,0.131672,0.10421475497159091,1709.1563637781342,1253.5514407504354,2909.1846812855115,-60.73972283894053,tutup
0.023322638,0.019340685,2.7533132736606807,13.066499737409245,0.14101286,0.07965642755681818,1375.068401946791,1203.9867406361611,2484.393310546875,-63.682161028760724,tutup
0.0166917,0.017070705,1.2672127866208285,5.894328962092205,0.1317168,0.10421475497159091,1695.9287310310501,1235.7280769741371,2867.831143465909,-60.6518509591862,tutup
0.02333258,0.019344678,2.7531528441797986,13.065354533801951,0.14102867,0.07947887073863637,1376.2713891044407,1203.7290410915905,2486.3508744673295,-63.65336478350004,tutup
0.023279296,0.01934266,2.7542338793849988,13.074229253135037,0.14101273,0.07974520596590909,1372.0171698919644,1201.4732257158012,2477.2971413352275,-63.731430566574666,tutup
0.016652523,0.017055122,1.2672881416522435,5.897577488768844,0.1316527,0.10430353338068182,1700.7061053975312,1242.7655863071586,2883.002263849432,-60.795546085375726,tutup
0.023328101,0.019342955,2.7532508462893306,13.06635973889599,0.14102183,0.07947887073863637,1376.5778791793964,1204.0269560121212,2487.5743519176135,-63.68100955533634,tutup
0.016765393,0.017074868,1.2668875405515199,5.887350705085563,0.13174197,0.1041259765625,1693.5355004696728,1233.2222964591974,2859.5114968039775,-60.6409461194409,tutup
0.01666825,0.017066417,1.2673292631170754,5.89663485787251,0.13169757,0.10430353338068182,1691.6023019677666,1234.500970317443,2851.4365456321025,-60.70591228957079,tutup
0.023332387,0.019346418,2.753211517009616,13.065732446153174,0.14103481,0.07965642755681818,1376.2612477157863,1204.0540550105716,2485.861483487216,-63.67243622693755,tutup
0.016560731,0.0170514,1.2675734934140235,5.905911810414329,0.13162696,0.10421475497159091,1697.6119695465632,1241.714518525053,2869.29931640625,-60.79246630613631,tutup
0.023349062,0.019346025,2.7528525693649413,13.0627832799245,0.14103617,0.07956764914772728,1376.6633910156643,1204.1787997583278,2487.5743519176135,-63.64008344293159,tutup
0.016637744,0.017069066,1.2675709359459728,5.90023833092568,0.13170375,0.10394841974431818,1689.9259267871828,1229.994437449249,2852.904718572443,-60.71876294510179,tutup
0.016660836,0.01706841,1.267438386419758,5.897392061777978,0.13170418,0.10404829545454546,1689.4514891346894,1231.9767339369564,2843.1168989701705,-60.69948297806746,tutup
0.023189178,0.01933687,2.755670373825526,13.087301888395686,0.14097734,0.079833984375,1378.4342964333666,1205.994135698142,2490.021306818182,-63.801849047070064,tutup
0.016719036,0.017068177,1.267065249670069,5.891444054936363,0.13171068,0.10403719815340909,1695.3756936360785,1236.3818086425888,2865.6288840553975,-60.695467414908556,tutup
0.023228414,0.01932958,2.754966896070403,13.080629954184914,0.14095795,0.07974520596590909,1373.009107329797,1200.9900075448786,2477.786532315341,-63.81129931002393,tutup
0.016756998,0.017073758,1.2669335604953742,5.888039216963724,0.1317367,0.1041259765625,1694.1839414068897,1234.6435191575808,2862.447842684659,-60.67543337501337,tutup
0.023350235,0.019346401,2.7528439047750988,13.062659887833775,0.1410377,0.07947887073863637,1374.962063861189,1203.772928792442,2485.1273970170455,-63.64692581233156,tutup
0.01661017,0.017058972,1.2674938641521865,5.902074574076774,0.13166195,0.10430353338068182,1705.8103740031193,1250.1722548283049,2905.0248579545455,-60.82497027060361,tutup
0.023153394,0.019331168,2.756327395696002,13.092609734457326,0.14095123,0.07965642755681818,1374.4842887027446,1204.0273354147755,2479.9887917258525,-63.79929887321221,tutup
0.023349062,0.019346025,2.7528525693649413,13.0627832799245,0.14103617,0.07956764914772728,1376.6633910156643,1204.1787997583278,2487.5743519176135,-63.64008344293159,tutup
0.016594676,0.01706213,1.2675855478572988,5.9038262401523625,0.131672,0.10421475497159091,1709.1563637781342,1253.5514407504354,2909.1846812855115,-60.73972283894053,tutup
0.016761731,0.017074518,1.2668987555025466,5.887930076302865,0.13174017,0.1041259765625,1693.500831011866,1233.3811546957795,2859.756192294034,-60.670206086577934,tutup
0.02332021,0.019342711,2.753371837792488,13.06716088068254,0.14101966,0.079833984375,1372.5518239478404,1203.5723161981366,2477.786532315341,-63.684948035185535,tutup
0.023188746,0.019347716,2.7561678467384847,13.089677471668566,0.14101572,0.07974520596590909,1375.5727514728917,1205.8760541225636,2487.5743519176135,-63.81297208264857,tutup
0.01673837,0.017071093,1.2669906231539037,5.8899401078724924,0.13172421,0.10421475497159091,1694.612038334251,1234.663969423427,2863.671320134943,-60.648559426282915,tutup
0.016594676,0.01706213,1.2675855478572988,5.9038262401523625,0.131672,0.10421475497159091,1709.1563637781342,1253.5514407504354,2909.1846812855115,-60.73972283894053,tutup
0.023346927,0.0193457,2.7528772717470607,13.063040290598131,0.14103468,0.07956764914772728,1376.103264199784,1203.6550330688244,2486.1061789772725,-63.64812180644827,tutup
0.023322245,0.019345187,2.7533668862683087,13.066996072868843,0.14102878,0.07956764914772728,1372.3573645954095,1203.1511687805835,2477.2971413352275,-63.69335828067909,tutup
0.023317544,0.019341743,2.753402087015969,13.06725899443261,0.14101577,0.07965642755681818,1372.5391987866208,1203.45172469905,2477.541836825284,-63.688656631773476,tutup
0.02334015,0.019344231,2.7530122015988407,13.064048749585861,0.14102834,0.07956764914772728,1376.0428405939886,1203.3990258904848,2486.1061789772725,-63.668839312077694,tutup
0.023212537,0.019338213,2.7554013307403014,13.084479826934668,0.14098594,0.07939009232954546,1374.5447250169534,1203.2523851653066,2485.3720925071025,-63.797240125901915,tutup
0.023212537,0.019338213,2.7554013307403014,13.084479826934668,0.14098594,0.07939009232954546,1374.5447250169534,1203.2523851653066,2485.3720925071025,-63.797240125901915,tutup
0.016756285,0.017073806,1.2669227432818984,5.888184475896196,0.13173677,0.10421475497159091,1694.5681376862528,1234.9280051097446,2863.4266246448865,-60.62596485825612,tutup
0.023050277,0.019331915,2.758680036508368,13.111833134537616,0.14093697,0.07930131392045454,1374.4789831748865,1206.8054920537704,2477.541836825284,-63.97620134245146,tutup
0.023239212,0.01933035,2.754837909966024,13.079641093428812,0.14096245,0.07992276278409091,1372.330800558329,1201.79525251556,2477.2971413352275,-63.74053058738075,tutup
0.02331117,0.019340489,2.7535205484507697,13.068716930428042,0.14101028,0.07965642755681818,1375.4248704490176,1204.3918125478672,2485.616787997159,-63.693881957196396,tutup
0.016594676,0.01706213,1.2675855478572988,5.9038262401523625,0.131672,0.10421475497159091,1709.1563637781342,1253.5514407504354,2909.1846812855115,-60.73972283894053,tutup
0.01662833,0.017058717,1.267368688514757,5.90002700351422,0.13166328,0.10403719815340909,1690.0718110646449,1232.8043569653646,2847.521417791193,-60.76672035016982,tutup
0.016750649,0.017072698,1.2669601055808961,5.88892149454348,0.13173187,0.1041259765625,1693.3561169046695,1233.1271481297051,2859.756192294034,-60.686631883112916,tutup
0.023210356,0.019345285,2.755535246515602,13.085771352972579,0.14101066,0.07947887073863637,1375.8400755693885,1204.0306806697067,2484.8827015269885,-63.80072668547966,tutup
0.016597686,0.017049203,1.267475672003606,5.90260360380184,0.13162327,0.10395951704545454,1691.0055391169903,1233.092610346343,2854.372891512784,-60.87521965267513,tutup
0.023251392,0.019333813,2.754628083334382,13.077641639221643,0.14097673,0.07956764914772728,1370.6908003125973,1201.3135145391816,2472.8926225142045,-63.73954238556651,tutup
0.023337897,0.019344019,2.75303208897969,13.064344180785561,0.14102723,0.07956764914772728,1376.0438094916815,1203.3872445875286,2486.1061789772725,-63.67002413831907,tutup
0.016645532,0.017058505,1.2674067740054176,5.898633923474577,0.13166465,0.1041259765625,1688.9750092165132,1230.7990647406732,2841.8934215198865,-60.73131372356777,tutup
0.016095826,0.017033547,1.2686216843455664,5.950637426281169,0.13150142,0.10440340909090909,1733.6271294433704,1287.9597778266298,2960.8154296875,-61.17605147623182,tutup
0.016732717,0.01706947,1.2670506740414011,5.890560080611593,0.13171732,0.1041259765625,1694.094063175982,1233.9245134328758,2861.469060724432,-60.69950958419999,tutup
0.02331778,0.019347996,2.753514803508551,13.06843655981113,0.14103799,0.079833984375,1376.8761330907337,1204.695535398578,2486.840265447443,-63.674591198307034,tutup
0.023210356,0.019345285,2.755535246515602,13.085771352972579,0.14101066,0.07947887073863637,1375.8400755693885,1204.0306806697067,2484.8827015269885,-63.80072668547966,tutup
0.01661017,0.017058972,1.2674938641521865,5.902074574076774,0.13166195,0.10430353338068182,1705.8103740031193,1250.1722548283049,2905.0248579545455,-60.82497027060361,tutup
0.018651312,0.018260024,1.7522177748429948,8.127771296872556,0.13641077,0.1024169921875,1698.708570630617,1266.4264131466452,2906.2483354048295,-59.59898160528926,tutup
0.018610552,0.018254219,1.7527411269882804,8.133374501887875,0.1363839,0.10232821377840909,1699.7137964611882,1268.7029599602622,2904.290771484375,-59.664254389743505,tutup
0.016732717,0.01706947,1.2670506740414011,5.890560080611593,0.13171732,0.1041259765625,1694.094063175982,1233.9245134328758,2861.469060724432,-60.69950958419999,tutup
0.020452244,0.015881822,2.895235952610244,13.95019258169322,0.12767191,0.08065518465909091,1431.0673035755046,1304.1991615732657,2611.145574396307,-70.53389030131389,tutup
0.01849555,0.018255424,1.7542045795169359,8.148983677145948,0.13637269,0.10232821377840909,1692.2083052230978,1260.1735638077746,2873.459139737216,-59.698564097271266,tutup
0.02044133,0.015880048,2.895464010457768,13.951889789595516,0.12766322,0.08056640625,1431.7907894236282,1304.7848365710324,2613.592529296875,-70.55948925448853,tutup
0.018418046,0.01822907,1.7550996713443094,8.157801242660792,0.13626553,0.10240589488636363,1694.1681926824765,1262.6812457744318,2877.8636585582385,-59.82168132160422,tutup
0.018568907,0.018254645,1.7531970160044978,8.138378867745631,0.1363798,0.10232821377840909,1692.8926018540906,1260.5753499419764,2876.3954856178975,-59.69770036204884,tutup
0.020474838,0.015881088,2.8947516476163724,13.946092800259493,0.12767267,0.08056640625,1430.863931043985,1303.6313352678553,2612.124356356534,-70.49483507475188,tutup
0.020415965,0.0158799,2.8962140387273054,13.957867785386131,0.12765858,0.08065518465909091,1431.7835704950946,1304.9143074119586,2614.0819202769885,-70.57422496720237,tutup
0.020437552,0.01587537,2.895475881093535,13.951878671253407,0.12764429,0.08056640625,1431.522900150054,1304.727211098507,2614.0819202769885,-70.60504661701167,tutup
0.021075124,0.021555474,1.9253026019676847,8.360241813073184,0.14832273,0.10621226917613637,1684.6180796884357,1269.8973830087548,2902.3332075639205,-52.95891088693616,tutup
0.01924752,0.0150740985,2.9039160083951194,14.749597679630792,0.12427617,0.08354048295454546,1401.8532041268318,1287.9134924512452,2521.831720525568,-68.90013997001687,tutup
